Workbook

Sheet Bang_Thiet_Ke_Ca_Kiem_Thu
A1: Test Case ID | B1: Test Case | C1: Test Data | D1: Expected Results | E1: Actual Results | F1: Pass/Fail | G1: Kỹ thuật | H1: Ưu tiên | I1: Loại | J1: Phụ trách | K1: Ngày chạy | L1: Bug ID | M1: Ghi chú / Evidence
A2: 1. Chức năng đăng ký tài khoản (Bảng 4.7)
A3: REG-01 | B3: Đăng ký với thông tin hợp lệ | C3: họ tên: Nguyen Van Test email: nhom17.test+reg01@gmail.com (chưa dùng) SĐT: 09xxxxxxxx mật khẩu: Test@12345 | D3: Tạo tài khoản thành công, chuyển sang trạng thái đã đăng nhập hoặc yêu cầu xác thực | E3: Chưa thực hiện | G3: EP | H3: H | I3: A+M | J3: Quân
A4: REG-02 | B4: Để trống toàn bộ các trường rồi gửi | C4: Tất cả các trường: [trống] | D4: Không gửi được; báo lỗi ở từng trường bắt buộc | E4: Chưa thực hiện | G4: EP | H4: H | I4: A | J4: Quân
A5: REG-03 | B5: Để trống từng trường bắt buộc | C5: Lần lượt để trống: họ tên / email-SĐT / mật khẩu; các trường còn lại hợp lệ (parametrize) | D5: Báo lỗi đúng trường bị bỏ trống | E5: Chưa thực hiện | G5: EP | H5: H | I5: A | J5: Quân
A6: REG-04 | B6: Email sai định dạng | C6: email: abc | abc@ | @gmail.com | a b@x.com | a@x (parametrize) | D6: Báo lỗi định dạng email, không tạo tài khoản | E6: Chưa thực hiện | G6: EP | H6: H | I6: A | J6: Quân
A7: REG-05 | B7: SĐT sai định dạng (*) | C7: SĐT: 09abc12345 | 090123456 (thiếu số) | 09012345678901 (thừa số) | 1234567890 (không bắt đầu bằng 0) (parametrize) | D7: Báo lỗi định dạng SĐT, không tạo tài khoản | E7: Chưa thực hiện | G7: EP, BVA | H7: H | I7: A | J7: Quân
A8: REG-06 | B8: Đăng ký bằng email đã tồn tại | C8: email: email của tài khoản đã tạo ở REG-01 | D8: Báo email đã được sử dụng | E8: Chưa thực hiện | G8: EP | H8: H | I8: A+M | J8: Quân
A9: REG-07 | B9: Đăng ký bằng SĐT đã tồn tại | C9: SĐT: SĐT của tài khoản test có sẵn | D9: Báo SĐT đã được sử dụng | E9: Chưa thực hiện | G9: EP | H9: M | I9: M | J9: Quân
A10: REG-08 | B10: Mật khẩu ngắn hơn tối thiểu 1 ký tự (*) | C10: Độ dài mật khẩu = min−1 (min xác nhận trên site ở Ngày 1) | D10: Báo lỗi độ dài mật khẩu | E10: Chưa thực hiện | G10: BVA | H10: H | I10: A | J10: Quân
A11: REG-09 | B11: Mật khẩu đúng bằng độ dài tối thiểu và min+1 (*) | C11: Độ dài mật khẩu = min; min+1 | D11: Chấp nhận mật khẩu, đăng ký được | E11: Chưa thực hiện | G11: BVA | H11: M | I11: A | J11: Quân
A12: REG-10 | B12: Mật khẩu xác nhận không khớp | C12: mật khẩu: Test@12345 xác nhận: Test@54321 (nếu form có trường này) | D12: Báo lỗi mật khẩu xác nhận không khớp | E12: Chưa thực hiện | G12: EP | H12: M | I12: A | J12: Quân
A13: REG-11 | B13: Họ tên có số, ký tự đặc biệt, khoảng trắng đầu-cuối, tiếng Việt có dấu | C13: họ tên: Nguyen123 | @@@ | " An " | Trần Thị Ánh Tuyết | D13: Hành vi nhất quán: chấp nhận hoặc báo lỗi rõ ràng; dấu hiển thị đúng | E13: Chưa thực hiện | G13: ET | H13: L | I13: M | J13: Quân
A14: REG-12 | B14: Họ tên/email dài vượt giới hạn (*) | C14: Chuỗi dài max+1 ký tự ở họ tên và email | D14: Báo lỗi hoặc cắt chuỗi, không vỡ giao diện | E14: Chưa thực hiện | G14: BVA | H14: L | I14: M | J14: Quân
... A16: REG-14 | B16: Nút ẩn/hiện mật khẩu và thông báo lỗi tiếng Việt | C16: Nhập mật khẩu → bấm biểu tượng mắt; kích hoạt một số lỗi validation | D16: Ẩn/hiện đúng; thông báo lỗi rõ ràng, dễ hiểu | E16: Chưa thực hiện | G16: UC | H16: L | I16: M | J16: Quân
A17: 2. Chức năng đăng nhập, đăng xuất, quên mật khẩu (Bảng 4.8)
A18: LOG-01 | B18: Đăng nhập hợp lệ bằng Email | C18: email: tài khoản test của Quân mật khẩu: đúng | D18: Đăng nhập thành công, hiển thị tên/trang cá nhân | E18: Chưa thực hiện | G18: EP | H18: H | I18: A+M | J18: Quân
A19: LOG-02 | B19: Đăng nhập hợp lệ bằng SĐT | C19: SĐT: tài khoản test của Quân mật khẩu: đúng | D19: Đăng nhập thành công | E19: Chưa thực hiện | G19: EP | H19: H | I19: A+M | J19: Quân
A20: LOG-03 | B20: Đúng email, sai mật khẩu | C20: email: đúng mật khẩu: Sai@99999 | D20: Báo lỗi thông tin đăng nhập, không vào hệ thống | E20: Chưa thực hiện | G20: EP | H20: H | I20: A | J20: Quân
A21: LOG-04 | B21: Email/SĐT không tồn tại | C21: email: khongtontai_nhom17@example.com / SĐT: 0900000000 | D21: Báo lỗi phù hợp, không tiết lộ quá mức | E21: Chưa thực hiện | G21: EP | H21: H | I21: A | J21: Quân
A22: LOG-05 | B22: Để trống cả email/SĐT và mật khẩu | C22: email/SĐT: [trống]; mật khẩu: [trống] | D22: Báo lỗi bắt buộc nhập | E22: Chưa thực hiện | G22: EP | H22: H | I22: A | J22: Quân
A23: LOG-06 | B23: Chỉ để trống mật khẩu | C23: email: đúng; mật khẩu: [trống] | D23: Báo lỗi tại trường mật khẩu | E23: Chưa thực hiện | G23: EP | H23: M | I23: A | J23: Quân
A24: LOG-07 | B24: Chỉ để trống email/SĐT | C24: email/SĐT: [trống]; mật khẩu: đúng | D24: Báo lỗi tại trường định danh | E24: Chưa thực hiện | G24: EP | H24: M | I24: A | J24: Quân
A25: LOG-08 | B25: Email sai định dạng; khoảng trắng đầu/cuối | C25: email: abc | abc@ | " email_hop_le " (parametrize) | D25: Báo lỗi định dạng hoặc tự trim và đăng nhập được | E25: Chưa thực hiện | G25: EP, ET | H25: M | I25: A | J25: Quân
A26: LOG-09 | B26: Phân biệt hoa/thường của email và mật khẩu | C26: email: viết HOA toàn bộ; mật khẩu: đổi hoa/thường 1 ký tự | D26: Email không phân biệt hoa/thường; mật khẩu có phân biệt | E26: Chưa thực hiện | G26: ET | H26: L | I26: M | J26: Quân
A27: LOG-10 | B27: Nhập sai mật khẩu liên tiếp 5 lần | C27: Dùng tài khoản dành riêng cho LOG-10; sai mật khẩu 5 lần | D27: Ghi nhận cơ chế của site: khóa tạm / CAPTCHA / chỉ báo lỗi | E27: Chưa thực hiện | G27: ST | H27: M | I27: M | J27: Quân
A28: LOG-11 | B28: Ẩn/hiện mật khẩu | C28: Nhập mật khẩu → bấm biểu tượng mắt | D28: Hiển thị/ẩn đúng | E28: Chưa thực hiện | G28: UC | H28: L | I28: M | J28: Quân
A29: LOG-12 | B29: Đăng xuất | C29: Đăng nhập → bấm Đăng xuất → bấm nút Back của trình duyệt | D29: Về trạng thái chưa đăng nhập; Back không vào lại được trang cá nhân | E29: Chưa thực hiện | G29: ST | H29: H | I29: A+M | J29: Quân
... A31: LOG-14 | B31: Quên mật khẩu | C31: email: hợp lệ (email của nhóm) | không tồn tại | [trống] | D31: Thông báo gửi hướng dẫn / báo lỗi tương ứng (chỉ dùng email của nhóm) | E31: Chưa thực hiện | G31: EP | H31: L | I31: M | J31: Quân
A32: 3. Chức năng tìm kiếm sản phẩm (Bảng 4.9)
A33: SRC-01 | B33: Tìm theo từ khóa tên sản phẩm | C33: từ khóa: áo thun | D33: Danh sách sản phẩm liên quan; tên chứa/liên quan từ khóa | E33: Chưa thực hiện | G33: EP | H33: H | I33: A | J33: Lâm
A34: SRC-02 | B34: Tìm với nhiều từ khóa khác nhau | C34: từ khóa: quần short | áo polo | váy (parametrize) | D34: Kết quả phù hợp với từng từ khóa | E34: Chưa thực hiện | G34: EP | H34: H | I34: A | J34: Lâm
A35: SRC-03 | B35: Tìm không dấu so với có dấu | C35: từ khóa: ao thun so với áo thun | D35: Kết quả tương đương (hoặc ghi nhận khác biệt) | E35: Chưa thực hiện | G35: ET | H35: M | I35: A | J35: Lâm
A36: SRC-04 | B36: Tìm với chữ HOA/thường/lẫn lộn | C36: từ khóa: ÁO THUN | Áo Thun | áo thun | D36: Kết quả giống nhau | E36: Chưa thực hiện | G36: EP | H36: M | I36: A | J36: Lâm
A37: SRC-05 | B37: Từ khóa không tồn tại | C37: từ khóa: asdfghjk | D37: Thông báo "không tìm thấy", trang không lỗi | E37: Chưa thực hiện | G37: EP | H37: H | I37: A | J37: Lâm
A38: SRC-06 | B38: Để trống ô tìm kiếm rồi tìm | C38: từ khóa: [trống] | D38: Không lỗi; không điều hướng sai | E38: Chưa thực hiện | G38: EP | H38: M | I38: A | J38: Lâm
A39: SRC-07 | B39: Chỉ nhập khoảng trắng | C39: từ khóa: " " | D39: Xử lý như trống | E39: Chưa thực hiện | G39: EP | H39: L | I39: A | J39: Lâm
A40: SRC-08 | B40: Ký tự đặc biệt, số, emoji | C40: từ khóa: 12345 | <>"'% | 😀 (parametrize) | D40: Không vỡ giao diện, không lỗi 5xx (chỉ kiểm tra tính ổn định, không phải kiểm thử bảo mật) | E40: Chưa thực hiện | G40: ET | H40: M | I40: A | J40: Lâm
A41: SRC-09 | B41: Tìm theo màu / size / mã sản phẩm | C41: từ khóa: áo thun đen | size L | mã SP có sẵn | D41: Kết quả phản ánh thuộc tính, hoặc ghi nhận site không hỗ trợ | E41: Chưa thực hiện | G41: EP | H41: H | I41: A+M | J41: Lâm
A42: SRC-10 | B42: Hiển thị kết quả: ảnh, tên, giá, nhãn | C42: Thực hiện tìm kiếm bất kỳ có kết quả | D42: Đủ ảnh, tên, giá (định dạng VNĐ), nhãn New/Best Seller/Sale | E42: Chưa thực hiện | G42: UC | H42: H | I42: A+M | J42: Lâm
A43: SRC-11 | B43: Thời gian phản hồi tìm kiếm | C43: 5 từ khóa × 3 lần đo (đo bằng Selenium) | D43: Trung bình ≤ 3 giây (theo yêu cầu phi chức năng) | E43: Chưa thực hiện | G43: — | H43: H | I43: A | J43: Lâm
A44: SRC-12 | B44: Từ khóa rất dài | C44: từ khóa: chuỗi ≥ 200 ký tự | D44: Không lỗi; kết quả rỗng hoặc bị giới hạn | E44: Chưa thực hiện | G44: BVA | H44: L | I44: A | J44: Lâm
A45: SRC-13 | B45: Gợi ý tự động (autocomplete) khi gõ (nếu có) | C45: Gõ dần "áo", "quần" | D45: Danh sách gợi ý liên quan; chọn gợi ý → đúng trang | E45: Chưa thực hiện | G45: UC | H45: L | I45: M | J45: Lâm
A46: 4. Chức năng lọc, sắp xếp, duyệt danh mục (Bảng 4.10)
A47: FLT-01 | B47: Xem danh sách theo danh mục | C47: Chọn lần lượt các danh mục trên menu (Áo, Quần, …) | D47: Đúng danh mục, có sản phẩm | E47: Chưa thực hiện | G47: UC | H47: H | I47: A | J47: Lâm
A48: FLT-02 | B48: Lọc theo khoảng giá, giá trị biên (*) | C48: Khoảng giá: min, max, min−1, max+1 | D48: Chỉ hiển thị sản phẩm trong khoảng; biên xử lý đúng | E48: Chưa thực hiện | G48: BVA | H48: H | I48: A | J48: Lâm
A49: FLT-03 | B49: Lọc theo màu | C49: Lần lượt từng màu: đen, trắng, xanh… (parametrize) | D49: Mọi sản phẩm hiển thị có màu đó | E49: Chưa thực hiện | G49: EP | H49: H | I49: A | J49: Lâm
A50: FLT-04 | B50: Lọc theo size | C50: Lần lượt size: S, M, L, XL (parametrize) | D50: Mọi sản phẩm hiển thị có size đó | E50: Chưa thực hiện | G50: EP | H50: H | I50: A | J50: Lâm
A51: FLT-05 | B51: Lọc kết hợp nhiều tiêu chí | C51: danh mục: Áo; giá: 200.000–400.000; màu: đen; size: L | D51: Kết quả thỏa đồng thời mọi tiêu chí | E51: Chưa thực hiện | G51: DT | H51: H | I51: A | J51: Lâm
A52: FLT-06 | B52: Bỏ chọn / Xóa bộ lọc | C52: Đã áp bộ lọc → bấm Xóa bộ lọc | D52: Trở về danh sách ban đầu | E52: Chưa thực hiện | G52: ST | H52: M | I52: A | J52: Lâm
A53: FLT-07 | B53: Tổ hợp lọc không có kết quả | C53: Tổ hợp tiêu chí mâu thuẫn (giá thấp + sản phẩm đắt) | D53: Thông báo rỗng, không lỗi | E53: Chưa thực hiện | G53: EP | H53: M | I53: A | J53: Lâm
A54: FLT-08 | B54: Sắp xếp giá tăng dần | C54: Chọn sắp xếp: giá tăng dần; đọc dãy giá thực tế | D54: Giá tăng, không có giá nào giảm | E54: Chưa thực hiện | G54: EP | H54: M | I54: A | J54: Lâm
A55: FLT-09 | B55: Sắp xếp giá giảm dần | C55: Chọn sắp xếp: giá giảm dần | D55: Giá giảm, không có giá nào tăng | E55: Chưa thực hiện | G55: EP | H55: M | I55: A | J55: Lâm
A56: FLT-10 | B56: Sắp xếp mới nhất / bán chạy (nếu có) | C56: Chọn sắp xếp: Mới nhất; Bán chạy | D56: Thứ tự hợp lý, nhãn khớp | E56: Chưa thực hiện | G56: EP | H56: L | I56: M | J56: Lâm
A57: FLT-11 | B57: Giữ bộ lọc khi phân trang / tải thêm | C57: Áp bộ lọc → cuộn/bấm tải thêm hoặc sang trang 2 | D57: Bộ lọc không bị mất | E57: Chưa thực hiện | G57: ST | H57: M | I57: M | J57: Lâm
A58: FLT-12 | B58: Lọc + sắp xếp cùng lúc, reload trang | C58: Áp lọc + sắp xếp → F5 (trạng thái giữ qua URL) | D58: Kết quả nhất quán sau khi reload | E58: Chưa thực hiện | G58: ST | H58: M | I58: A+M | J58: Lâm
A59: 5. Chức năng xem chi tiết sản phẩm (Bảng 4.11)
A60: PDP-01 | B60: Mở trang chi tiết sản phẩm còn hàng | C60: Một sản phẩm còn hàng bất kỳ | D60: Hiển thị đủ: tên, mã SP, giá, hình ảnh, mô tả, size, sản phẩm gợi ý | E60: Chưa thực hiện | G60: UC | H60: H | I60: A+M | J60: Quân
A61: PDP-02 | B61: Đổi màu sản phẩm | C61: Chọn lần lượt các màu của sản phẩm | D61: Ảnh/giá/size theo màu cập nhật đúng | E61: Chưa thực hiện | G61: ST | H61: H | I61: A | J61: Quân
A62: PDP-03 | B62: Chọn từng size | C62: Chọn lần lượt S, M, L…; rồi đổi lựa chọn | D62: Size được chọn nổi bật; có thể đổi lựa chọn | E62: Chưa thực hiện | G62: EP | H62: H | I62: A | J62: Quân
A63: PDP-04 | B63: Size/màu hết hàng | C63: Sản phẩm có size/màu hết hàng | D63: Tự động vô hiệu hóa, không chọn được | E63: Chưa thực hiện | G63: DT | H63: H | I63: A+M | J63: Quân
A64: PDP-05 | B64: Thêm vào giỏ khi chưa chọn size/màu | C64: Không chọn size/màu → bấm Thêm vào giỏ | D64: Hiển thị yêu cầu chọn; không thêm vào giỏ | E64: Chưa thực hiện | G64: EP | H64: H | I64: A | J64: Quân
A65: PDP-06 | B65: Kiểm tra trường số lượng (*) | C65: Số lượng: 1 | 2 | 5 | 0 | -1 | 99999 | abc (parametrize) | D65: Giá trị hợp lệ được nhận; không hợp lệ bị chặn/báo lỗi | E65: Chưa thực hiện | G65: BVA | H65: H | I65: A | J65: Quân
A66: PDP-07 | B66: Hiển thị sản phẩm đang sale | C66: Sản phẩm có nhãn Sale | D66: Có giá gốc, giá giảm, % giảm; giá giảm < giá gốc | E66: Chưa thực hiện | G66: UC | H66: M | I66: M | J66: Quân
A67: PDP-08 | B67: Thư viện ảnh | C67: Chuyển ảnh, phóng to | D67: Hoạt động đúng, ảnh tải được | E67: Chưa thực hiện | G67: UC | H67: L | I67: M | J67: Quân
A68: PDP-09 | B68: Sản phẩm gợi ý / combo | C68: Bấm vào một sản phẩm gợi ý | D68: Mở đúng sản phẩm | E68: Chưa thực hiện | G68: UC | H68: M | I68: A+M | J68: Quân
A69: PDP-10 | B69: Bảng hướng dẫn chọn size (nếu có) | C69: Bấm Hướng dẫn chọn size | D69: Mở/đóng đúng, nội dung đọc được | E69: Chưa thực hiện | G69: UC | H69: L | I69: M | J69: Quân
A70: 6. Giao diện và tương thích (mục 4.2.8)
A71: UI-01 | B71: Truy cập trang chủ trên Chrome (TC01) | C71: URL: https://www.coolmate.me (Chrome) | D71: Trang chủ hiển thị đầy đủ, tiêu đề đúng, không lỗi console nghiêm trọng | E71: Chưa thực hiện | G71: UC | H71: H | I71: A | J71: Lâm
A72: UI-02 | B72: Đổi kích thước cửa sổ | C72: 1920×1080 | 1366×768 | 768×1024 | 375×812 (chụp màn hình từng cỡ) | D72: Bố cục tự điều chỉnh, không tràn ngang, nút không bị che | E72: Chưa thực hiện | G72: EP | H72: M | I72: A | J72: Lâm
A73: UI-03 | B73: Thao tác ở độ phân giải mobile | C73: Cỡ 375×812: mở menu hamburger, tìm kiếm, giỏ hàng | D73: Thao tác được bình thường | E73: Chưa thực hiện | G73: UC | H73: M | I73: M | J73: Lâm
A74: UI-04 | B74: Nhãn New / Best Seller / Sale | C74: Xem danh sách sản phẩm có nhãn | D74: Nhãn đúng vị trí, không chồng lấn | E74: Chưa thực hiện | G74: UC | H74: M | I74: M | J74: Lâm
A75: UI-05 | B75: Thông báo lỗi/validation giữa các form | C75: Kích hoạt lỗi ở form đăng ký, đăng nhập, đặt hàng | D75: Vị trí, màu sắc, nội dung tiếng Việt rõ ràng, nhất quán | E75: Chưa thực hiện | G75: UC | H75: L | I75: M | J75: Lâm
A76: UI-06 | B76: Liên kết header/footer | C76: Duyệt các link Giới thiệu, Chính sách… (kiểm tra mã trạng thái) | D76: Không có link hỏng (404) | E76: Chưa thực hiện | G76: ET | H76: L | I76: A | J76: Lâm
A77: UI-07 | B77: (Tùy chọn) Smoke test Firefox/Edge | C77: Trang chủ, tìm kiếm, thêm vào giỏ trên Firefox/Edge | D77: Hoạt động tương đương Chrome | E77: Chưa thực hiện | G77: EP | H77: L | I77: M | J77: Lâm
A78: 7. Chức năng giỏ hàng (Bảng 4.12)
A79: CART-01 | B79: Thêm 1 sản phẩm hợp lệ từ trang chi tiết | C79: Sản phẩm còn hàng; size/màu hợp lệ; SL = 1 | D79: Vào giỏ đúng tên, size, màu, SL, đơn giá; biểu tượng giỏ cập nhật số lượng | E79: Chưa thực hiện | G79: UC | H79: H | I79: A | J79: Huy
A80: CART-02 | B80: Thêm cùng sản phẩm/biến thể lần 2 | C80: Cùng sản phẩm, cùng size/màu, thêm 2 lần | D80: SL tăng (hoặc tạo dòng mới) — ghi nhận hành vi thật | E80: Chưa thực hiện | G80: ST | H80: M | I80: A | J80: Huy
A81: CART-03 | B81: Thêm 2 biến thể khác nhau | C81: Cùng sản phẩm; size M và size L (hoặc 2 màu) | D81: Hiển thị 2 dòng riêng, tổng tiền đúng | E81: Chưa thực hiện | G81: EP | H81: H | I81: A | J81: Huy
A82: CART-04 | B82: Tăng số lượng | C82: Bấm + (hoặc nhập SL) trong giỏ | D82: SL, thành tiền và tổng tiền cập nhật chính xác | E82: Chưa thực hiện | G82: EP | H82: H | I82: A | J82: Huy
A83: CART-05 | B83: Giảm số lượng về 1 rồi xuống 0 | C83: Bấm − đến 1, bấm − thêm lần nữa | D83: Về 1 đúng; xuống 0: bị chặn hoặc hỏi xóa (ghi nhận hành vi) | E83: Chưa thực hiện | G83: BVA | H83: H | I83: A | J83: Huy
A84: CART-06 | B84: Nhập SL vượt tồn kho/giới hạn tối đa (*) | C84: SL: max+1 hoặc 9999 | D84: Báo lỗi hoặc tự giới hạn | E84: Chưa thực hiện | G84: BVA | H84: M | I84: A+M | J84: Huy
A85: CART-07 | B85: Xóa một sản phẩm | C85: Giỏ có ≥ 2 sản phẩm → xóa 1 | D85: Sản phẩm biến mất, tổng tiền cập nhật | E85: Chưa thực hiện | G85: UC | H85: H | I85: A | J85: Huy
A86: CART-08 | B86: Xóa hết sản phẩm | C86: Xóa lần lượt mọi sản phẩm | D86: Hiển thị giỏ trống; nút đặt hàng ẩn/vô hiệu | E86: Chưa thực hiện | G86: ST | H86: H | I86: A | J86: Huy
A87: CART-09 | B87: Kiểm tra công thức tổng tiền | C87: SL = 1, 2, 5; có sản phẩm đang sale (parametrize) | D87: Tổng = Σ(đơn giá × SL), khớp tính tay | E87: Chưa thực hiện | G87: EP | H87: H | I87: A | J87: Huy
A88: CART-10 | B88: Tải lại trang / mở lại trình duyệt khi giỏ có hàng | C88: Khách chưa đăng nhập; F5; đóng và mở lại trình duyệt | D88: Giỏ được giữ (hoặc theo chính sách của site) | E88: Chưa thực hiện | G88: ST | H88: M | I88: M | J88: Huy
A89: CART-11 | B89: Thêm hàng khi chưa đăng nhập, sau đó đăng nhập | C89: Thêm SP → đăng nhập tài khoản test | D89: Giỏ được gộp đúng, không mất hàng | E89: Chưa thực hiện | G89: ST | H89: M | I89: A+M | J89: Huy
A90: CART-12 | B90: Mini-cart so với trang giỏ hàng | C90: Mở popup giỏ nhanh và trang giỏ hàng | D90: Dữ liệu nhất quán | E90: Chưa thực hiện | G90: UC | H90: M | I90: M | J90: Huy
A91: 8. Chức năng mã giảm giá (Bảng 4.13)
A92: VCH-01 | B92: Áp mã hợp lệ, đơn đạt điều kiện | C92: Mã công khai trên site/fanpage Coolmate; giỏ đạt điều kiện | D92: Giảm đúng giá trị; tổng tiền = tạm tính − giảm (đối chiếu tính tay) | E92: Chưa thực hiện | G92: DT | H92: H | I92: A | J92: Huy
A93: VCH-02 | B93: Mã sai / không tồn tại | C93: Chuỗi ngẫu nhiên (thử tối đa 1–2 lần) | D93: Báo lỗi, không giảm giá | E93: Chưa thực hiện | G93: DT | H93: H | I93: A | J93: Huy
A94: VCH-03 | B94: Mã hết hạn | C94: Mã công khai đã hết hạn (nếu tìm được) | D94: Báo hết hạn, không giảm giá | E94: Chưa thực hiện | G94: DT | H94: H | I94: A+M | J94: Huy
A95: VCH-04 | B95: Mã có đơn tối thiểu (*) | C95: Giá trị giỏ = ngưỡng−1 | ngưỡng | ngưỡng+1 | D95: Dưới ngưỡng báo lỗi; từ ngưỡng trở lên áp dụng | E95: Chưa thực hiện | G95: BVA, DT | H95: H | I95: A | J95: Huy
A96: VCH-05 | B96: Để trống ô mã rồi bấm áp dụng | C96: mã: [trống] | D96: Báo lỗi hoặc nút bị vô hiệu | E96: Chưa thực hiện | G96: EP | H96: M | I96: A | J96: Huy
A97: VCH-06 | B97: Mã viết hoa/thường, có khoảng trắng đầu-cuối | C97: mã hợp lệ viết thường; " MA " (parametrize) | D97: Hành vi nhất quán (tự trim / không phân biệt hoa thường) | E97: Chưa thực hiện | G97: ET | H97: M | I97: A | J97: Huy
A98: VCH-07 | B98: Áp mã thứ 2 sau khi đã áp mã 1 | C98: 2 mã công khai khác nhau | D98: Thay thế hoặc từ chối (ghi nhận hành vi) | E98: Chưa thực hiện | G98: ST | H98: M | I98: M | J98: Huy
A99: VCH-08 | B99: Gỡ mã đã áp | C99: Đã áp mã hợp lệ → bấm Gỡ mã | D99: Tổng tiền về giá trị ban đầu | E99: Chưa thực hiện | G99: ST | H99: M | I99: A | J99: Huy
A100: VCH-09 | B100: Đã áp mã rồi đổi SL hoặc xóa SP làm giỏ tụt dưới ngưỡng | C100: Áp mã có ngưỡng → giảm SL/xóa SP | D100: Giảm giá được tính lại hoặc mã bị gỡ kèm thông báo | E100: Chưa thực hiện | G100: ST, DT | H100: H | I100: A+M | J100: Huy
A101: VCH-10 | B101: Mã giới hạn danh mục/sản phẩm | C101: Áp mã cho giỏ không thuộc phạm vi áp dụng | D101: Báo mã không áp dụng được | E101: Chưa thực hiện | G101: DT | H101: L | I101: M | J101: Huy
A102: 9. Chức năng đặt hàng và thanh toán (Bảng 4.14)
...

Sheet Tong_hop
A1: TỔNG HỢP BỘ TEST CASE – KIỂM THỬ WEBSITE COOLMATE (NHÓM 17)
A3: Chỉ số | B3: Giá trị | D3: Tiến độ | E3: Giá trị
A4: Tổng số test case | B4: =B21 -> 120 | D4: Chưa thực hiện | E4: =COUNTIF(Bang_Thiet_Ke_Ca_Kiem_Thu!E2:E132,"Chưa thực hiện") -> 120
A5: Đã ghi Pass | B5: =COUNTIF(Bang_Thiet_Ke_Ca_Kiem_Thu!F2:F132,"P") -> 0 | D5: Đã có kết quả (P/F/B) | E5: =B5+B6+B7 -> 0
A6: Đã ghi Fail | B6: =COUNTIF(Bang_Thiet_Ke_Ca_Kiem_Thu!F2:F132,"F") -> 0 | D6: Tỷ lệ Pass (Pass / (Pass+Fail)) | E6: =IF(B5+B6=0,"-",B5/(B5+B6)) -> -
A7: Blocked | B7: =COUNTIF(Bang_Thiet_Ke_Ca_Kiem_Thu!F2:F132,"B") -> 0
A9: Nhóm chức năng | B9: Số test case | C9: Pass | D9: Fail | E9: Blocked | F9: Tỷ lệ Pass | G9: Auto (A, A+M) | H9: Manual (M) | I9: Ưu tiên cao (H) | J9: Phụ trách
A10: Đăng ký | B10: =COUNTA(Bang_Thiet_Ke_Ca_Kiem_Thu!A3:A16) -> 14 | C10: =COUNTIF(Bang_Thiet_Ke_Ca_Kiem_Thu!F3:F16,"P") -> 0 | D10: =COUNTIF(Bang_Thiet_Ke_Ca_Kiem_Thu!F3:F16,"F") -> 0 | E10: =COUNTIF(Bang_Thiet_Ke_Ca_Kiem_Thu!F3:F16,"B") -> 0 | F10: =IF(C10+D10=0,"-",C10/(C10+D10)) -> - | G10: =COUNTIF(Bang_Thiet_Ke_Ca_Kiem_Thu!I3:I16,"A")+COUNTIF(Bang_Thiet_Ke_Ca_Kiem_Thu!I3:I16,"A+M") -> 9 | H10: =COUNTIF(Bang_Thiet_Ke_Ca_Kiem_Thu!I3:I16,"M") -> 5 | I10: =COUNTIF(Bang_Thiet_Ke_Ca_Kiem_Thu!H3:H16,"H") -> 7 | J10: TV2
A11: Đăng nhập / đăng xuất / quên mật khẩu | B11: =COUNTA(Bang_Thiet_Ke_Ca_Kiem_Thu!A18:A31) -> 14 | C11: =COUNTIF(Bang_Thiet_Ke_Ca_Kiem_Thu!F18:F31,"P") -> 0 | D11: =COUNTIF(Bang_Thiet_Ke_Ca_Kiem_Thu!F18:F31,"F") -> 0 | E11: =COUNTIF(Bang_Thiet_Ke_Ca_Kiem_Thu!F18:F31,"B") -> 0 | F11: =IF(C11+D11=0,"-",C11/(C11+D11)) -> - | G11: =COUNTIF(Bang_Thiet_Ke_Ca_Kiem_Thu!I18:I31,"A")+COUNTIF(Bang_Thiet_Ke_Ca_Kiem_Thu!I18:I31,"A+M") -> 9 | H11: =COUNTIF(Bang_Thiet_Ke_Ca_Kiem_Thu!I18:I31,"M") -> 5 | I11: =COUNTIF(Bang_Thiet_Ke_Ca_Kiem_Thu!H18:H31,"H") -> 6 | J11: TV2
A12: Tìm kiếm | B12: =COUNTA(Bang_Thiet_Ke_Ca_Kiem_Thu!A33:A45) -> 13 | C12: =COUNTIF(Bang_Thiet_Ke_Ca_Kiem_Thu!F33:F45,"P") -> 0 | D12: =COUNTIF(Bang_Thiet_Ke_Ca_Kiem_Thu!F33:F45,"F") -> 0 | E12: =COUNTIF(Bang_Thiet_Ke_Ca_Kiem_Thu!F33:F45,"B") -> 0 | F12: =IF(C12+D12=0,"-",C12/(C12+D12)) -> - | G12: =COUNTIF(Bang_Thiet_Ke_Ca_Kiem_Thu!I33:I45,"A")+COUNTIF(Bang_Thiet_Ke_Ca_Kiem_Thu!I33:I45,"A+M") -> 12 | H12: =COUNTIF(Bang_Thiet_Ke_Ca_Kiem_Thu!I33:I45,"M") -> 1 | I12: =COUNTIF(Bang_Thiet_Ke_Ca_Kiem_Thu!H33:H45,"H") -> 6 | J12: TV3
A13: Lọc / sắp xếp | B13: =COUNTA(Bang_Thiet_Ke_Ca_Kiem_Thu!A47:A58) -> 12 | C13: =COUNTIF(Bang_Thiet_Ke_Ca_Kiem_Thu!F47:F58,"P") -> 0 | D13: =COUNTIF(Bang_Thiet_Ke_Ca_Kiem_Thu!F47:F58,"F") -> 0 | E13: =COUNTIF(Bang_Thiet_Ke_Ca_Kiem_Thu!F47:F58,"B") -> 0 | F13: =IF(C13+D13=0,"-",C13/(C13+D13)) -> - | G13: =COUNTIF(Bang_Thiet_Ke_Ca_Kiem_Thu!I47:I58,"A")+COUNTIF(Bang_Thiet_Ke_Ca_Kiem_Thu!I47:I58,"A+M") -> 10 | H13: =COUNTIF(Bang_Thiet_Ke_Ca_Kiem_Thu!I47:I58,"M") -> 2 | I13: =COUNTIF(Bang_Thiet_Ke_Ca_Kiem_Thu!H47:H58,"H") -> 5 | J13: TV3
A14: Chi tiết sản phẩm | B14: =COUNTA(Bang_Thiet_Ke_Ca_Kiem_Thu!A60:A69) -> 10 | C14: =COUNTIF(Bang_Thiet_Ke_Ca_Kiem_Thu!F60:F69,"P") -> 0 | D14: =COUNTIF(Bang_Thiet_Ke_Ca_Kiem_Thu!F60:F69,"F") -> 0 | E14: =COUNTIF(Bang_Thiet_Ke_Ca_Kiem_Thu!F60:F69,"B") -> 0 | F14: =IF(C14+D14=0,"-",C14/(C14+D14)) -> - | G14: =COUNTIF(Bang_Thiet_Ke_Ca_Kiem_Thu!I60:I69,"A")+COUNTIF(Bang_Thiet_Ke_Ca_Kiem_Thu!I60:I69,"A+M") -> 7 | H14: =COUNTIF(Bang_Thiet_Ke_Ca_Kiem_Thu!I60:I69,"M") -> 3 | I14: =COUNTIF(Bang_Thiet_Ke_Ca_Kiem_Thu!H60:H69,"H") -> 6 | J14: TV3
A15: Giao diện & tương thích | B15: =COUNTA(Bang_Thiet_Ke_Ca_Kiem_Thu!A71:A77) -> 7 | C15: =COUNTIF(Bang_Thiet_Ke_Ca_Kiem_Thu!F71:F77,"P") -> 0 | D15: =COUNTIF(Bang_Thiet_Ke_Ca_Kiem_Thu!F71:F77,"F") -> 0 | E15: =COUNTIF(Bang_Thiet_Ke_Ca_Kiem_Thu!F71:F77,"B") -> 0 | F15: =IF(C15+D15=0,"-",C15/(C15+D15)) -> - | G15: =COUNTIF(Bang_Thiet_Ke_Ca_Kiem_Thu!I71:I77,"A")+COUNTIF(Bang_Thiet_Ke_Ca_Kiem_Thu!I71:I77,"A+M") -> 3 | H15: =COUNTIF(Bang_Thiet_Ke_Ca_Kiem_Thu!I71:I77,"M") -> 4 | I15: =COUNTIF(Bang_Thiet_Ke_Ca_Kiem_Thu!H71:H77,"H") -> 1 | J15: TV3
A16: Giỏ hàng | B16: =COUNTA(Bang_Thiet_Ke_Ca_Kiem_Thu!A79:A90) -> 12 | C16: =COUNTIF(Bang_Thiet_Ke_Ca_Kiem_Thu!F79:F90,"P") -> 0 | D16: =COUNTIF(Bang_Thiet_Ke_Ca_Kiem_Thu!F79:F90,"F") -> 0 | E16: =COUNTIF(Bang_Thiet_Ke_Ca_Kiem_Thu!F79:F90,"B") -> 0 | F16: =IF(C16+D16=0,"-",C16/(C16+D16)) -> - | G16: =COUNTIF(Bang_Thiet_Ke_Ca_Kiem_Thu!I79:I90,"A")+COUNTIF(Bang_Thiet_Ke_Ca_Kiem_Thu!I79:I90,"A+M") -> 10 | H16: =COUNTIF(Bang_Thiet_Ke_Ca_Kiem_Thu!I79:I90,"M") -> 2 | I16: =COUNTIF(Bang_Thiet_Ke_Ca_Kiem_Thu!H79:H90,"H") -> 7 | J16: TV4
A17: Mã giảm giá | B17: =COUNTA(Bang_Thiet_Ke_Ca_Kiem_Thu!A92:A101) -> 10 | C17: =COUNTIF(Bang_Thiet_Ke_Ca_Kiem_Thu!F92:F101,"P") -> 0 | D17: =COUNTIF(Bang_Thiet_Ke_Ca_Kiem_Thu!F92:F101,"F") -> 0 | E17: =COUNTIF(Bang_Thiet_Ke_Ca_Kiem_Thu!F92:F101,"B") -> 0 | F17: =IF(C17+D17=0,"-",C17/(C17+D17)) -> - | G17: =COUNTIF(Bang_Thiet_Ke_Ca_Kiem_Thu!I92:I101,"A")+COUNTIF(Bang_Thiet_Ke_Ca_Kiem_Thu!I92:I101,"A+M") -> 8 | H17: =COUNTIF(Bang_Thiet_Ke_Ca_Kiem_Thu!I92:I101,"M") -> 2 | I17: =COUNTIF(Bang_Thiet_Ke_Ca_Kiem_Thu!H92:H101,"H") -> 5 | J17: TV4
A18: Đặt hàng & thanh toán | B18: =COUNTA(Bang_Thiet_Ke_Ca_Kiem_Thu!A103:A116) -> 14 | C18: =COUNTIF(Bang_Thiet_Ke_Ca_Kiem_Thu!F103:F116,"P") -> 0 | D18: =COUNTIF(Bang_Thiet_Ke_Ca_Kiem_Thu!F103:F116,"F") -> 0 | E18: =COUNTIF(Bang_Thiet_Ke_Ca_Kiem_Thu!F103:F116,"B") -> 0 | F18: =IF(C18+D18=0,"-",C18/(C18+D18)) -> - | G18: =COUNTIF(Bang_Thiet_Ke_Ca_Kiem_Thu!I103:I116,"A")+COUNTIF(Bang_Thiet_Ke_Ca_Kiem_Thu!I103:I116,"A+M") -> 11 | H18: =COUNTIF(Bang_Thiet_Ke_Ca_Kiem_Thu!I103:I116,"M") -> 3 | I18: =COUNTIF(Bang_Thiet_Ke_Ca_Kiem_Thu!H103:H116,"H") -> 8 | J18: TV4
A19: Quản lý tài khoản | B19: =COUNTA(Bang_Thiet_Ke_Ca_Kiem_Thu!A118:A128) -> 11 | C19: =COUNTIF(Bang_Thiet_Ke_Ca_Kiem_Thu!F118:F128,"P") -> 0 | D19: =COUNTIF(Bang_Thiet_Ke_Ca_Kiem_Thu!F118:F128,"F") -> 0 | E19: =COUNTIF(Bang_Thiet_Ke_Ca_Kiem_Thu!F118:F128,"B") -> 0 | F19: =IF(C19+D19=0,"-",C19/(C19+D19)) -> - | G19: =COUNTIF(Bang_Thiet_Ke_Ca_Kiem_Thu!I118:I128,"A")+COUNTIF(Bang_Thiet_Ke_Ca_Kiem_Thu!I118:I128,"A+M") -> 10 | H19: =COUNTIF(Bang_Thiet_Ke_Ca_Kiem_Thu!I118:I128,"M") -> 1 | I19: =COUNTIF(Bang_Thiet_Ke_Ca_Kiem_Thu!H118:H128,"H") -> 6 | J19: TV1
A20: Lịch sử đơn hàng | B20: =COUNTA(Bang_Thiet_Ke_Ca_Kiem_Thu!A130:A132) -> 3 | C20: =COUNTIF(Bang_Thiet_Ke_Ca_Kiem_Thu!F130:F132,"P") -> 0 | D20: =COUNTIF(Bang_Thiet_Ke_Ca_Kiem_Thu!F130:F132,"F") -> 0 | E20: =COUNTIF(Bang_Thiet_Ke_Ca_Kiem_Thu!F130:F132,"B") -> 0 | F20: =IF(C20+D20=0,"-",C20/(C20+D20)) -> - | G20: =COUNTIF(Bang_Thiet_Ke_Ca_Kiem_Thu!I130:I132,"A")+COUNTIF(Bang_Thiet_Ke_Ca_Kiem_Thu!I130:I132,"A+M") -> 0 | H20: =COUNTIF(Bang_Thiet_Ke_Ca_Kiem_Thu!I130:I132,"M") -> 3 | I20: =COUNTIF(Bang_Thiet_Ke_Ca_Kiem_Thu!H130:H132,"H") -> 0 | J20: TV1
A21: Tổng | B21: =SUM(B10:B20) -> 120 | C21: =SUM(C10:C20) -> 0 | D21: =SUM(D10:D20) -> 0 | E21: =SUM(E10:E20) -> 0 | F21: =IF(C21+D21=0,"-",C21/(C21+D21)) -> - | G21: =SUM(G10:G20) -> 89 | H21: =SUM(H10:H20) -> 31 | I21: =SUM(I10:I20) -> 57
A23: Ghi chú: Cột Pass/Fail được để trống vì chưa chạy test (Actual Results = "Chưa thực hiện"). Chỉ điền P / F / B sau khi chạy thật; Blocked (B) không tính vào mẫu số của tỷ lệ Pass. Các giá trị đánh dấu (*) cần xác nhận lại trên website thật trước khi đóng băng (Gate 1).

Sheet Quy_uoc
A1: QUY ƯỚC SỬ DỤNG FILE
A2: Pass/Fail | B2: P = Pass · F = Fail (lỗi thật của website) · B = Blocked (CAPTCHA, hết hàng, site bảo trì…). Lỗi do script/locator KHÔNG tính là F của website.
A3: Actual Results | B3: Ghi kết quả quan sát thực tế khi chạy; thay chữ "Chưa thực hiện" sau khi chạy.
A4: Kỹ thuật (KT) | B4: EP = Phân vùng tương đương · BVA = Giá trị biên · DT = Bảng quyết định · ST = Chuyển trạng thái · ET = Đoán lỗi · UC = Dựa trên use case
A5: Ưu tiên | B5: H = Cao · M = Trung bình · L = Thấp
A6: Loại | B6: A = Tự động (Selenium) · M = Thủ công · A+M = chạy cả hai
A7: Dấu (*) | B7: Giá trị biên / quy tắc phải xác nhận lại trên website thật ở Ngày 1–2 trước khi đóng băng test case.
A8: Test Data | B8: Email/SĐT dùng tài khoản của nhóm (alias/email tạm); thay các giá trị mẫu bằng dữ liệu thật của nhóm. Không commit mật khẩu thật lên GitHub.
A9: An toàn (website thật) | B9: Đặt hàng: chỉ COD, dừng trước bước xác nhận cuối (trừ ORD-14: tối đa 1–2 đơn rồi hủy ngay). Voucher: chỉ dùng mã công khai. Không thanh toán online thật. Gặp CAPTCHA/OTP → chuyển Manual hoặc Blocked.
A10: Quy tắc đặt tên | B10: Tên hàm pytest = TC ID, ví dụ def test_REG_01_register_valid để results.csv khớp 1–1 với file này.
A11: Cột bổ sung | B11: Cột A–F giữ nguyên theo template; cột G–M bổ sung để theo dõi (kỹ thuật, ưu tiên, loại, người phụ trách, ngày chạy, Bug ID, evidence).
